Workbook

Sheet Missions
A1: Zone | B1: Nom de la zone | C1: Mission | D1: Type | E1: Objectif | F1: Quota (kills ou secondes) | G1: Unités max à l'écran | H1: % soldats | I1: % officiers | J1: % généraux | K1: Spécificités | L1: Score du boss
A2: 1 | B2: OUTPOST C-01 | C2: 1 | D2: Kills | E2: Tuer 15 soldats | F2: 15 | G2: 5 | H2: 1 | I2: 0 | J2: 0
A3: 1 | B3: OUTPOST C-01 | C3: 2 | D3: Time Attack | E3: Survivre 30 s | F3: 30 | G3: 5 | H3: 1 | I3: 0 | J3: 0
A4: 1 | B4: OUTPOST C-01 | C4: 3 | D4: Kills | E4: Tuer 25 soldats | F4: 25 | G4: 6 | H4: 1 | I4: 0 | J4: 0
A5: 1 | B5: OUTPOST C-01 | C5: 4 | D5: Find the Z80 | E5: Trouver le Z80 : il apparaît au bout de 15 kills ; le ramasser | F5: 15 | G5: 7 | H5: 1 | I5: 0 | J5: 0 | K5: Fin de mission à la prise du Z80
A6: 1 | B6: OUTPOST C-01 | C6: 5 | D6: Boss | E6: Tuer Boss Caporal Garatonku | F6: 30 | G6: 6 | H6: 1 | I6: 0 | J6: 0 | K6: 30 PV ; corps + tête (2 places) + garde de soldats | L6: 250
A7: 2 | B7: THE LOST BARRACKS | C7: 1 | D7: Kills | E7: Tuer 25 soldats | F7: 25 | G7: 5 | H7: 0.8 | I7: 0.2 | J7: 0
A8: 2 | B8: THE LOST BARRACKS | C8: 2 | D8: Time Attack | E8: Survivre 45 s | F8: 45 | G8: 6 | H8: 0.8 | I8: 0.2 | J8: 0
A9: 2 | B9: THE LOST BARRACKS | C9: 3 | D9: Kills | E9: Tuer 15 officiers | F9: 15 | G9: 6 | H9: 0.7 | I9: 0.3 | J9: 0
A10: 2 | B10: THE LOST BARRACKS | C10: 4 | D10: Find the Z80 | E10: Trouver le Z80 : il apparaît au bout de 20 kills ; le ramasser | F10: 20 | G10: 6 | H10: 0.6 | I10: 0.4 | J10: 0 | K10: Fin de mission à la prise du Z80
A11: 2 | B11: THE LOST BARRACKS | C11: 5 | D11: Boss | E11: Tuer Boss Capitaine DanTaGoul | F11: 35 | G11: 5 | H11: 0 | I11: 1 | J11: 0 | K11: 35 PV ; +15 % de vitesse ; 1 tir/s ; 5 s à couvert ; escorte d'officiers | L11: 350
A12: 3 | B12: HIDDEN HEADQUARTER | C12: 1 | D12: Kills | E12: Tuer 25 officiers | F12: 25 | G12: 6 | H12: 0 | I12: 0.8 | J12: 0.2 | K12: Eau animée
A13: 3 | B13: HIDDEN HEADQUARTER | C13: 2 | D13: Time Attack | E13: Survivre 45 s | F13: 45 | G13: 6 | H13: 0.7 | I13: 0 | J13: 0.3
A14: 3 | B14: HIDDEN HEADQUARTER | C14: 3 | D14: Find the Z80 | E14: Trouver le Z80 : il apparaît au bout de 25 kills ; le ramasser | F14: 25 | G14: 6 | H14: 0 | I14: 0.6 | J14: 0.4
A15: 3 | B15: HIDDEN HEADQUARTER | C15: 4 | D15: Kills | E15: Tuer 20 généraux | F15: 20 | G15: 7 | H15: 0 | I15: 0.6 | J15: 0.4
A16: 3 | B16: HIDDEN HEADQUARTER | C16: 5 | D16: Boss | E16: Tuer Boss Général Falzar | F16: 45 | G16: 5 | H16: 0 | I16: 0 | J16: 1 | K16: 45 PV ; plus rapide que les généraux ; rafales de 3 ; pas de grenade ; 5 s à couvert ; boss entre 2 gardes | L16: 500
A17: 4 | B17: TWIN ROADS | C17: 1 | D17: Boss | E17: Détruire l'ArmyTruck | F17: 50 | G17: 6 | H17: 1 | I17: 0 | J17: 0 | K17: ArmyTruck 50 PV, non armé, largue un soldat toutes les 2 s ; 500 points; vitesse 2 x Papi; routes noires | L17: 500
A18: 4 | B18: TWIN ROADS | C18: 2 | D18: Find the Z80 | E18: Trouver le Z80 : il apparaît au bout de 15 kills ; le ramasser | F18: 15 | G18: 5 | H18: 0 | I18: 1 | J18: 0 | K18: ArmyTruck (50 PV) transportant des officiers ; s'il est détruit, un autre prend sa place
A19: 4 | B19: TWIN ROADS | C19: 3 | D19: Time Attack | E19: Survivre 40 s | F19: 40 | G19: 6 | H19: 0 | I19: 1 | J19: 0 | K19: ArmyTruck (50 PV) transportant des officiers
A20: 4 | B20: TWIN ROADS | C20: 4 | D20: Boss | E20: Détruire le WarTruck | F20: 60 | G20: 6 | H20: 1 | I20: 0 | J20: 0 | K20: WarTruck 60 PV, armé : rafales de 3 balles dans 4 directions ; largue un soldat toutes les 2 s ; 750 points ; fin du jeu | L20: 750

Sheet Résumé
A1: Zone | B1: Missions | C1: Kills | D1: Time Attack | E1: Find the Z80 | F1: Boss
A2: 1 | B2: =COUNTIF(Missions!$A$2:$A$20,A2) | C2: =COUNTIFS(Missions!$A$2:$A$20,$A2,Missions!$D$2:$D$20,"Kills") | D2: =COUNTIFS(Missions!$A$2:$A$20,$A2,Missions!$D$2:$D$20,"Time Attack") | E2: =COUNTIFS(Missions!$A$2:$A$20,$A2,Missions!$D$2:$D$20,"Find the Z80") | F2: =COUNTIFS(Missions!$A$2:$A$20,$A2,Missions!$D$2:$D$20,"Boss")
A3: 2 | B3: =COUNTIF(Missions!$A$2:$A$20,A3) | C3: =COUNTIFS(Missions!$A$2:$A$20,$A3,Missions!$D$2:$D$20,"Kills") | D3: =COUNTIFS(Missions!$A$2:$A$20,$A3,Missions!$D$2:$D$20,"Time Attack") | E3: =COUNTIFS(Missions!$A$2:$A$20,$A3,Missions!$D$2:$D$20,"Find the Z80") | F3: =COUNTIFS(Missions!$A$2:$A$20,$A3,Missions!$D$2:$D$20,"Boss")
A4: 3 | B4: =COUNTIF(Missions!$A$2:$A$20,A4) | C4: =COUNTIFS(Missions!$A$2:$A$20,$A4,Missions!$D$2:$D$20,"Kills") | D4: =COUNTIFS(Missions!$A$2:$A$20,$A4,Missions!$D$2:$D$20,"Time Attack") | E4: =COUNTIFS(Missions!$A$2:$A$20,$A4,Missions!$D$2:$D$20,"Find the Z80") | F4: =COUNTIFS(Missions!$A$2:$A$20,$A4,Missions!$D$2:$D$20,"Boss")
A5: 4 | B5: =COUNTIF(Missions!$A$2:$A$20,A5) | C5: =COUNTIFS(Missions!$A$2:$A$20,$A5,Missions!$D$2:$D$20,"Kills") | D5: =COUNTIFS(Missions!$A$2:$A$20,$A5,Missions!$D$2:$D$20,"Time Attack") | E5: =COUNTIFS(Missions!$A$2:$A$20,$A5,Missions!$D$2:$D$20,"Find the Z80") | F5: =COUNTIFS(Missions!$A$2:$A$20,$A5,Missions!$D$2:$D$20,"Boss")
A6: Total | B6: =SUM(B2:B5) | C6: =SUM(C2:C5) | D6: =SUM(D2:D5) | E6: =SUM(E2:E5) | F6: =SUM(F2:F5)

Sheet Ennemis
A1: Unité | B1: Points de vie | C1: Remarque
A2: Soldat | B2: 1
A3: Officier | B3: 2 | C3: Lance des grenades (portée limitée à celle de Papi : 20 octets / 60 lignes)
A4: Général | B4: 3 | C4: Plus rapide que les officiers
A5: Boss Caporal Garatonku | B5: 30 | C5: Zone 1
A6: Boss Capitaine DanTaGoul | B6: 35 | C6: Zone 2
A7: Boss Général Falzar | B7: 45 | C7: Zone 3 ; ne lance pas de grenade
A8: ArmyTruck | B8: 50 | C8: Zone 4 ; non armé ; 500 points
A9: WarTruck | B9: 60 | C9: Zone 4 ; rafales de 3 balles dans 4 directions ; 750 points

Sheet Règles
A1: Règle commune
A2: Vies et score conservés d'une mission à l'autre
A3: Vie bonus tous les 250 points ; score plafonné à 9990
A4: Grenades : max 10, 5 au départ
A5: Invincibilité après une mort : 1,5 s (75 images à 50 images/s), Papi clignote
A6: Barre de vie du boss dans le bandeau : vert, jaune, orange, rouge
A7: Fin de zone : boss vaincu, écran CONGRATULATIONS puis retour au menu
A8: Source : cahier des charges du 19 octobre 2026 (état v42)
A9: Zone 4 : bidons explosifs (3 balles ou 1 grenade, 3 points de dégât autour, flammes durables) ; code d'accès SUGAR (état v50)
